{"cameraMode":{"drawMode":0,"name":"Shaded","section":"Shading Mode"},"sceneLighting":false,"audioPlay":false,"sceneViewState":{"showFog":true,"showMaterialUpdate":false,"showSkybox":false,"showFlares":true,"showImageEffects":true,"showParticleSystems":true,"showVisualEffectGraphs":true,"m_FxEnabled":true},"in2DMode":false,"pivot":{"x":0.031201737001538278,"y":1.044600009918213,"z":-0.20633167028427125},"rotation":{"x":0.5434755682945252,"y":0.02291431464254856,"z":-0.014850731939077378,"w":0.8389915823936462},"size":0.8660253882408142,"orthographic":false}