{"cameraMode":{"drawMode":0,"name":"Shaded","section":"Shading Mode"},"sceneLighting":true,"audioPlay":false,"sceneViewState":{"showFog":true,"showMaterialUpdate":false,"showSkybox":true,"showFlares":true,"showImageEffects":true,"showParticleSystems":true,"showVisualEffectGraphs":true,"m_FxEnabled":true},"in2DMode":false,"pivot":{"x":3.9281623363494875,"y":-11.964441299438477,"z":6.566553592681885},"rotation":{"x":-0.5883557796478272,"y":-0.047960277646780017,"z":0.034991223365068439,"w":-0.8064205646514893},"size":11.925186157226563,"orthographic":false}