{"cameraMode":{"drawMode":0,"name":"Shaded","section":"Shading Mode"},"sceneLighting":true,"audioPlay":false,"sceneViewState":{"showFog":true,"showMaterialUpdate":false,"showSkybox":true,"showFlares":true,"showImageEffects":true,"showParticleSystems":true,"showVisualEffectGraphs":true,"m_FxEnabled":true},"in2DMode":false,"pivot":{"x":-1.0535043478012086,"y":3.4536938667297365,"z":-2.0583086013793947},"rotation":{"x":-0.24294863641262055,"y":-0.08224157989025116,"z":0.02067498490214348,"w":-0.9663306474685669},"size":0.8660253882408142,"orthographic":false}